<?xml version="1.0" encoding="UTF-8"?>
<beans xmlns="http://www.springframework.org/schema/beans"
  xmlns:xsi="http://www.w3.org/2001/XMLSchema-instance"
  xsi:schemaLocation="
    http://www.springframework.org/schema/beans 
    http://www.springframework.org/schema/beans/spring-beans.xsd">
	  
   <bean id="stud" class="com.model.Student">
        <constructor-arg name="studentid" value="652"></constructor-arg>
 		<constructor-arg name="studentname" value="seetha"></constructor-arg>
        <constructor-arg name="studentcity" value="bhavani"></constructor-arg>
        <constructor-arg name="studentmobno" value="98564287"></constructor-arg>
  </bean>
  
     <bean id="studdao" class="com.dao.StudentDao">
  <property name="jdbctemp" ref="jdbcTemplate"></property>
  
  </bean>
  
   <bean id="jdbcTemplate" class="org.springframework.jdbc.core.JdbcTemplate">
  <property name="dataSource" ref="ds"></property>
  </bean>
  
  <bean id="ds" class="org.springframework.jdbc.datasource.DriverManagerDataSource">
  <property name="driverClassName" value="com.mysql.cj.jdbc.Driver"></property>
  <property name="url" value="jdbc:mysql://localhost:3306/seethadb"></property>
  <property name="username" value="seetha"></property>
    <property name="password" value="seetharamesh"></property>
  
  </bean>
    
</beans>